4,37,sRtpPlsdARaDKbdmEMhgYWtenjk=,JGxCTPrWVl+wLrS8tAk2uv65lT4=
3,38,sRtpPlsdARaDKbdmEMhgYWtenjk=,Eg4RxoUhSv8wnNbEapyEc9I9E1s=
3,37,sRtpPlsdARaDKbdmEMhgYWtenjk=,6DaN1vo7Xi+3gB55gv3odNkodfc=
4,38,sRtpPlsdARaDKbdmEMhgYWtenjk=,tqvR7MzV+GmdggTIo5Fj0lA1kWc=
1,38,sRtpPlsdARaDKbdmEMhgYWtenjk=,3/1PNAT2+1UmPKTyFhibWYI2k/c=
2,37,sRtpPlsdARaDKbdmEMhgYWtenjk=,6DaN1vo7Xi+3gB55gv3odNkodfc=
1,37,sRtpPlsdARaDKbdmEMhgYWtenjk=,xGzngLEL9WX0HYBhtGFs9rxntFU=
2,38,sRtpPlsdARaDKbdmEMhgYWtenjk=,Eg4RxoUhSv8wnNbEapyEc9I9E1s=
1,40,sRtpPlsdARaDKbdmEMhgYWtenjk=,xr7vncy3DJuC2oVhA/pccGn3jyU=
2,39,sRtpPlsdARaDKbdmEMhgYWtenjk=,Eg4RxoUhSv8wnNbEapyEc9I9E1s=
1,39,sRtpPlsdARaDKbdmEMhgYWtenjk=,3/1PNAT2+1UmPKTyFhibWYI2k/c=
2,40,sRtpPlsdARaDKbdmEMhgYWtenjk=,JXCq0Apt39e+nVhfZH7r5Knm4O0=
3,40,sRtpPlsdARaDKbdmEMhgYWtenjk=,JXCq0Apt39e+nVhfZH7r5Knm4O0=
4,39,sRtpPlsdARaDKbdmEMhgYWtenjk=,tqvR7MzV+GmdggTIo5Fj0lA1kWc=
4,40,sRtpPlsdARaDKbdmEMhgYWtenjk=,KwnxQUYL9+Oz4T5GNG20YIAWbnA=
3,39,sRtpPlsdARaDKbdmEMhgYWtenjk=,Eg4RxoUhSv8wnNbEapyEc9I9E1s=
4,41,sRtpPlsdARaDKbdmEMhgYWtenjk=,KwnxQUYL9+Oz4T5GNG20YIAWbnA=
3,41,sRtpPlsdARaDKbdmEMhgYWtenjk=,JXCq0Apt39e+nVhfZH7r5Knm4O0=
2,42,sRtpPlsdARaDKbdmEMhgYWtenjk=,MFZK+yyF7PHU9MrU/mWS1Yj2lEU=
4,42,sRtpPlsdARaDKbdmEMhgYWtenjk=,z2czCdiOT0AZf41dT5oQa49TPh8=
1,42,sRtpPlsdARaDKbdmEMhgYWtenjk=,Khq2NSISFx5z5eZJmeOykn0th3E=
2,41,sRtpPlsdARaDKbdmEMhgYWtenjk=,JXCq0Apt39e+nVhfZH7r5Knm4O0=
3,42,sRtpPlsdARaDKbdmEMhgYWtenjk=,MFZK+yyF7PHU9MrU/mWS1Yj2lEU=
1,41,sRtpPlsdARaDKbdmEMhgYWtenjk=,xr7vncy3DJuC2oVhA/pccGn3jyU=
4,43,sRtpPlsdARaDKbdmEMhgYWtenjk=,z2czCdiOT0AZf41dT5oQa49TPh8=
3,44,sRtpPlsdARaDKbdmEMhgYWtenjk=,21vs+6jzzS1TbC+VrUFoQrmEbSE=
4,44,sRtpPlsdARaDKbdmEMhgYWtenjk=,d5DoB2LqYcYIpb1cSQ+O23oQi+o=
3,43,sRtpPlsdARaDKbdmEMhgYWtenjk=,MFZK+yyF7PHU9MrU/mWS1Yj2lEU=
1,43,sRtpPlsdARaDKbdmEMhgYWtenjk=,Khq2NSISFx5z5eZJmeOykn0th3E=
2,44,sRtpPlsdARaDKbdmEMhgYWtenjk=,21vs+6jzzS1TbC+VrUFoQrmEbSE=
2,43,sRtpPlsdARaDKbdmEMhgYWtenjk=,MFZK+yyF7PHU9MrU/mWS1Yj2lEU=
1,44,sRtpPlsdARaDKbdmEMhgYWtenjk=,tH2hlekGXhUP59L1r6CGERvCOEU=
8,45,8rq40VPB27pns0yBd4XcNCj48pk=,G4MwRD+kZJ+FRm7dtqwLeRIaHWI=
7,45,8rq40VPB27pns0yBd4XcNCj48pk=,HsLKk1mmE12QntZlw+nbcnLIK38=
8,46,8rq40VPB27pns0yBd4XcNCj48pk=,Pkpsk0R3FO5GWF/isL3DyvqydW0=
7,46,8rq40VPB27pns0yBd4XcNCj48pk=,Xa8kvN7uDEtK9/d9uJ586ofOwVs=
9,46,8rq40VPB27pns0yBd4XcNCj48pk=,Pkpsk0R3FO5GWF/isL3DyvqydW0=
10,46,8rq40VPB27pns0yBd4XcNCj48pk=,wlFhNSlRESYCX4DdXLAc1IofDO8=
10,45,8rq40VPB27pns0yBd4XcNCj48pk=,YaFeD8lTf8u+hm8UJDRZ5Wd4Bmc=
9,45,8rq40VPB27pns0yBd4XcNCj48pk=,G4MwRD+kZJ+FRm7dtqwLeRIaHWI=
11,43,8rq40VPB27pns0yBd4XcNCj48pk=,V3csA8C9giqvGVPYNpvh18+iqvs=
11,44,8rq40VPB27pns0yBd4XcNCj48pk=,YaFeD8lTf8u+hm8UJDRZ5Wd4Bmc=
12,44,8rq40VPB27pns0yBd4XcNCj48pk=,P5NGI3nzbM6GSm7ucR2Qq/fM3MM=
12,43,8rq40VPB27pns0yBd4XcNCj48pk=,d5MrMB46WhWYNjVqBJMIhOIbbHo=
12,42,8rq40VPB27pns0yBd4XcNCj48pk=,d5MrMB46WhWYNjVqBJMIhOIbbHo=
11,41,8rq40VPB27pns0yBd4XcNCj48pk=,4Xbwc7EIl/LgiVj/V/XdZ3/M3eE=
11,42,8rq40VPB27pns0yBd4XcNCj48pk=,V3csA8C9giqvGVPYNpvh18+iqvs=
12,41,8rq40VPB27pns0yBd4XcNCj48pk=,OarhDmE3pA+IhIJzlbz2uypBOBE=
11,40,8rq40VPB27pns0yBd4XcNCj48pk=,4Xbwc7EIl/LgiVj/V/XdZ3/M3eE=
11,39,8rq40VPB27pns0yBd4XcNCj48pk=,MBVhQB6UJWnGLwlCC8m04PluEkM=
12,40,8rq40VPB27pns0yBd4XcNCj48pk=,OarhDmE3pA+IhIJzlbz2uypBOBE=
12,39,8rq40VPB27pns0yBd4XcNCj48pk=,w81ekgCfT2iPt9LHsbAZ6p2hwxE=
13,40,8rq40VPB27pns0yBd4XcNCj48pk=,OarhDmE3pA+IhIJzlbz2uypBOBE=
13,39,8rq40VPB27pns0yBd4XcNCj48pk=,w81ekgCfT2iPt9LHsbAZ6p2hwxE=
14,39,8rq40VPB27pns0yBd4XcNCj48pk=,0QU412lPv6B1i4aZ7b1f9QWjcDw=
14,40,8rq40VPB27pns0yBd4XcNCj48pk=,rfx586da/4OpBq6OEt4j/9NdEHA=
12,37,8rq40VPB27pns0yBd4XcNCj48pk=,hftWULlffDHBcIg+Uoi8Pf9ZX2U=
12,38,8rq40VPB27pns0yBd4XcNCj48pk=,w81ekgCfT2iPt9LHsbAZ6p2hwxE=
11,38,8rq40VPB27pns0yBd4XcNCj48pk=,MBVhQB6UJWnGLwlCC8m04PluEkM=
11,37,8rq40VPB27pns0yBd4XcNCj48pk=,qeZ1uaZe2a5mT/u8h77kdt7mi3s=
14,37,8rq40VPB27pns0yBd4XcNCj48pk=,2nz9aBL+s1ULA8tAyd8QxOrQm7s=
13,37,8rq40VPB27pns0yBd4XcNCj48pk=,hftWULlffDHBcIg+Uoi8Pf9ZX2U=
13,38,8rq40VPB27pns0yBd4XcNCj48pk=,w81ekgCfT2iPt9LHsbAZ6p2hwxE=
14,38,8rq40VPB27pns0yBd4XcNCj48pk=,0QU412lPv6B1i4aZ7b1f9QWjcDw=
11,36,8rq40VPB27pns0yBd4XcNCj48pk=,qeZ1uaZe2a5mT/u8h77kdt7mi3s=
12,35,8rq40VPB27pns0yBd4XcNCj48pk=,9wLgPPNiuAIpEQjVKkBCJCXPylY=
12,36,8rq40VPB27pns0yBd4XcNCj48pk=,hftWULlffDHBcIg+Uoi8Pf9ZX2U=
11,35,8rq40VPB27pns0yBd4XcNCj48pk=,rjSmTJdUYTZv9HwtQLA3/HnZiiM=
14,36,8rq40VPB27pns0yBd4XcNCj48pk=,2nz9aBL+s1ULA8tAyd8QxOrQm7s=
14,35,8rq40VPB27pns0yBd4XcNCj48pk=,zr3YURhHMFJ7XDDM9K4Iygml3mI=
13,35,8rq40VPB27pns0yBd4XcNCj48pk=,9wLgPPNiuAIpEQjVKkBCJCXPylY=
13,36,8rq40VPB27pns0yBd4XcNCj48pk=,hftWULlffDHBcIg+Uoi8Pf9ZX2U=
11,33,fVNtOz2ttgwzBufIhE4t7majvTc=,hqi94QkQ3TDGYtAqBJfOCujnBeM=
12,33,fVNtOz2ttgwzBufIhE4t7majvTc=,DriFCJFv2VhBsUq4jNNaDbHcJqY=
13,33,fVNtOz2ttgwzBufIhE4t7majvTc=,DriFCJFv2VhBsUq4jNNaDbHcJqY=
12,34,fVNtOz2ttgwzBufIhE4t7majvTc=,9wLgPPNiuAIpEQjVKkBCJCXPylY=
14,34,fVNtOz2ttgwzBufIhE4t7majvTc=,zr3YURhHMFJ7XDDM9K4Iygml3mI=
13,34,fVNtOz2ttgwzBufIhE4t7majvTc=,9wLgPPNiuAIpEQjVKkBCJCXPylY=
14,33,fVNtOz2ttgwzBufIhE4t7majvTc=,+kxWruY96j801XLyveeGzTBCC4E=
11,34,fVNtOz2ttgwzBufIhE4t7majvTc=,rjSmTJdUYTZv9HwtQLA3/HnZiiM=
10,33,fVNtOz2ttgwzBufIhE4t7majvTc=,hqi94QkQ3TDGYtAqBJfOCujnBeM=
9,34,fVNtOz2ttgwzBufIhE4t7majvTc=,TyTf9b51JH9MV5SjwrKwIKeDlzA=
10,34,fVNtOz2ttgwzBufIhE4t7majvTc=,rjSmTJdUYTZv9HwtQLA3/HnZiiM=
9,33,fVNtOz2ttgwzBufIhE4t7majvTc=,sKYyIqgCbAHM1rnjydfldUIoRYk=
10,35,fVNtOz2ttgwzBufIhE4t7majvTc=,rjSmTJdUYTZv9HwtQLA3/HnZiiM=
9,38,fVNtOz2ttgwzBufIhE4t7majvTc=,UZeXeHOP8GLKoJ8pxC/hiqvKxcY=
10,36,fVNtOz2ttgwzBufIhE4t7majvTc=,qeZ1uaZe2a5mT/u8h77kdt7mi3s=
10,38,fVNtOz2ttgwzBufIhE4t7majvTc=,MBVhQB6UJWnGLwlCC8m04PluEkM=
9,35,fVNtOz2ttgwzBufIhE4t7majvTc=,TyTf9b51JH9MV5SjwrKwIKeDlzA=
9,36,fVNtOz2ttgwzBufIhE4t7majvTc=,9ISoUOAuFBC1HYMnuUF37R97EX4=
9,37,fVNtOz2ttgwzBufIhE4t7majvTc=,9ISoUOAuFBC1HYMnuUF37R97EX4=
10,37,fVNtOz2ttgwzBufIhE4t7majvTc=,qeZ1uaZe2a5mT/u8h77kdt7mi3s=
6,37,fVNtOz2ttgwzBufIhE4t7majvTc=,TfqH6LyUbK1NGrdR46/WffncMJI=
5,37,fVNtOz2ttgwzBufIhE4t7majvTc=,JGxCTPrWVl+wLrS8tAk2uv65lT4=
7,38,fVNtOz2ttgwzBufIhE4t7majvTc=,BbClfU1jbVnQbldTH7xGNXm1La4=
7,37,fVNtOz2ttgwzBufIhE4t7majvTc=,TfqH6LyUbK1NGrdR46/WffncMJI=
8,37,fVNtOz2ttgwzBufIhE4t7majvTc=,9ISoUOAuFBC1HYMnuUF37R97EX4=
6,38,fVNtOz2ttgwzBufIhE4t7majvTc=,BbClfU1jbVnQbldTH7xGNXm1La4=
5,38,fVNtOz2ttgwzBufIhE4t7majvTc=,tqvR7MzV+GmdggTIo5Fj0lA1kWc=
8,38,fVNtOz2ttgwzBufIhE4t7majvTc=,UZeXeHOP8GLKoJ8pxC/hiqvKxcY=
6,39,fVNtOz2ttgwzBufIhE4t7majvTc=,BbClfU1jbVnQbldTH7xGNXm1La4=
5,43,fVNtOz2ttgwzBufIhE4t7majvTc=,z2czCdiOT0AZf41dT5oQa49TPh8=
5,39,fVNtOz2ttgwzBufIhE4t7majvTc=,tqvR7MzV+GmdggTIo5Fj0lA1kWc=
5,41,fVNtOz2ttgwzBufIhE4t7majvTc=,KwnxQUYL9+Oz4T5GNG20YIAWbnA=
5,42,fVNtOz2ttgwzBufIhE4t7majvTc=,z2czCdiOT0AZf41dT5oQa49TPh8=
6,44,fVNtOz2ttgwzBufIhE4t7majvTc=,HsLKk1mmE12QntZlw+nbcnLIK38=
5,40,fVNtOz2ttgwzBufIhE4t7majvTc=,KwnxQUYL9+Oz4T5GNG20YIAWbnA=
5,44,fVNtOz2ttgwzBufIhE4t7majvTc=,d5DoB2LqYcYIpb1cSQ+O23oQi+o=
6,43,fVNtOz2ttgwzBufIhE4t7majvTc=,nlejrqJz+PFutYmQFA49fLg55JI=
10,44,fVNtOz2ttgwzBufIhE4t7majvTc=,YaFeD8lTf8u+hm8UJDRZ5Wd4Bmc=
6,42,fVNtOz2ttgwzBufIhE4t7majvTc=,nlejrqJz+PFutYmQFA49fLg55JI=
6,40,fVNtOz2ttgwzBufIhE4t7majvTc=,cmAVqP48/ZNYqNv9qFb+FAEEH2M=
7,44,fVNtOz2ttgwzBufIhE4t7majvTc=,HsLKk1mmE12QntZlw+nbcnLIK38=
9,44,fVNtOz2ttgwzBufIhE4t7majvTc=,G4MwRD+kZJ+FRm7dtqwLeRIaHWI=
6,41,fVNtOz2ttgwzBufIhE4t7majvTc=,cmAVqP48/ZNYqNv9qFb+FAEEH2M=
10,43,fVNtOz2ttgwzBufIhE4t7majvTc=,V3csA8C9giqvGVPYNpvh18+iqvs=
8,43,fVNtOz2ttgwzBufIhE4t7majvTc=,00+CAWdi6KNxa+jnDyZ7hiXCOt8=
9,43,fVNtOz2ttgwzBufIhE4t7majvTc=,00+CAWdi6KNxa+jnDyZ7hiXCOt8=
7,43,fVNtOz2ttgwzBufIhE4t7majvTc=,nlejrqJz+PFutYmQFA49fLg55JI=
8,44,fVNtOz2ttgwzBufIhE4t7majvTc=,G4MwRD+kZJ+FRm7dtqwLeRIaHWI=
9,41,fVNtOz2ttgwzBufIhE4t7majvTc=,1KfuHCBtK1trQ9h9NlILEgT2wrE=
10,39,fVNtOz2ttgwzBufIhE4t7majvTc=,MBVhQB6UJWnGLwlCC8m04PluEkM=
10,42,fVNtOz2ttgwzBufIhE4t7majvTc=,V3csA8C9giqvGVPYNpvh18+iqvs=
10,40,fVNtOz2ttgwzBufIhE4t7majvTc=,4Xbwc7EIl/LgiVj/V/XdZ3/M3eE=
9,40,fVNtOz2ttgwzBufIhE4t7majvTc=,1KfuHCBtK1trQ9h9NlILEgT2wrE=
8,39,fVNtOz2ttgwzBufIhE4t7majvTc=,UZeXeHOP8GLKoJ8pxC/hiqvKxcY=
8,40,fVNtOz2ttgwzBufIhE4t7majvTc=,1KfuHCBtK1trQ9h9NlILEgT2wrE=
8,41,fVNtOz2ttgwzBufIhE4t7majvTc=,1KfuHCBtK1trQ9h9NlILEgT2wrE=
9,39,fVNtOz2ttgwzBufIhE4t7majvTc=,UZeXeHOP8GLKoJ8pxC/hiqvKxcY=
7,41,fVNtOz2ttgwzBufIhE4t7majvTc=,cmAVqP48/ZNYqNv9qFb+FAEEH2M=
10,41,fVNtOz2ttgwzBufIhE4t7majvTc=,4Xbwc7EIl/LgiVj/V/XdZ3/M3eE=
7,40,fVNtOz2ttgwzBufIhE4t7majvTc=,cmAVqP48/ZNYqNv9qFb+FAEEH2M=
8,42,fVNtOz2ttgwzBufIhE4t7majvTc=,00+CAWdi6KNxa+jnDyZ7hiXCOt8=
7,42,fVNtOz2ttgwzBufIhE4t7majvTc=,nlejrqJz+PFutYmQFA49fLg55JI=
9,42,fVNtOz2ttgwzBufIhE4t7majvTc=,00+CAWdi6KNxa+jnDyZ7hiXCOt8=
7,39,fVNtOz2ttgwzBufIhE4t7majvTc=,BbClfU1jbVnQbldTH7xGNXm1La4=
2,35,fVNtOz2ttgwzBufIhE4t7majvTc=,zL5w3vNSPHQ25Po4bIQDkZ2L0Hs=
2,36,fVNtOz2ttgwzBufIhE4t7majvTc=,6DaN1vo7Xi+3gB55gv3odNkodfc=
1,36,fVNtOz2ttgwzBufIhE4t7majvTc=,xGzngLEL9WX0HYBhtGFs9rxntFU=
1,35,fVNtOz2ttgwzBufIhE4t7majvTc=,qJUsyuNEkvyfTOiGF2g4GHrL5iQ=
2,33,fVNtOz2ttgwzBufIhE4t7majvTc=,q2Ex/IHl0ngjb1yR3M9L03v5ZTo=
1,34,fVNtOz2ttgwzBufIhE4t7majvTc=,qJUsyuNEkvyfTOiGF2g4GHrL5iQ=
1,33,fVNtOz2ttgwzBufIhE4t7majvTc=,pB3XeVqI4J14sCKDWFG+Lsx2ATk=
2,34,fVNtOz2ttgwzBufIhE4t7majvTc=,zL5w3vNSPHQ25Po4bIQDkZ2L0Hs=
4,36,fVNtOz2ttgwzBufIhE4t7majvTc=,JGxCTPrWVl+wLrS8tAk2uv65lT4=
3,35,fVNtOz2ttgwzBufIhE4t7majvTc=,zL5w3vNSPHQ25Po4bIQDkZ2L0Hs=
3,36,fVNtOz2ttgwzBufIhE4t7majvTc=,6DaN1vo7Xi+3gB55gv3odNkodfc=
4,35,fVNtOz2ttgwzBufIhE4t7majvTc=,7jM6bjROX7IX3sIz5972jlrsmoI=
3,34,fVNtOz2ttgwzBufIhE4t7majvTc=,zL5w3vNSPHQ25Po4bIQDkZ2L0Hs=
3,33,fVNtOz2ttgwzBufIhE4t7majvTc=,q2Ex/IHl0ngjb1yR3M9L03v5ZTo=
4,33,fVNtOz2ttgwzBufIhE4t7majvTc=,EsBDH6d2xKJIPdMRuhfOl9JSBXY=
5,35,fVNtOz2ttgwzBufIhE4t7majvTc=,7jM6bjROX7IX3sIz5972jlrsmoI=
6,35,fVNtOz2ttgwzBufIhE4t7majvTc=,aRTQIIHEj5P+6TDfwbmncT5biSE=
7,36,fVNtOz2ttgwzBufIhE4t7majvTc=,TfqH6LyUbK1NGrdR46/WffncMJI=
8,36,fVNtOz2ttgwzBufIhE4t7majvTc=,9ISoUOAuFBC1HYMnuUF37R97EX4=
7,35,C/lpJShyAQiWehcCGJexHi0l0A4=,aRTQIIHEj5P+6TDfwbmncT5biSE=
8,35,C/lpJShyAQiWehcCGJexHi0l0A4=,TyTf9b51JH9MV5SjwrKwIKeDlzA=
5,36,C/lpJShyAQiWehcCGJexHi0l0A4=,JGxCTPrWVl+wLrS8tAk2uv65lT4=
6,36,C/lpJShyAQiWehcCGJexHi0l0A4=,TfqH6LyUbK1NGrdR46/WffncMJI=
4,34,C/lpJShyAQiWehcCGJexHi0l0A4=,7jM6bjROX7IX3sIz5972jlrsmoI=
2,32,C/lpJShyAQiWehcCGJexHi0l0A4=,q2Ex/IHl0ngjb1yR3M9L03v5ZTo=
6,33,C/lpJShyAQiWehcCGJexHi0l0A4=,IWpUuC9ZmHz/wXi0RR54jI0jC1U=
5,34,C/lpJShyAQiWehcCGJexHi0l0A4=,7jM6bjROX7IX3sIz5972jlrsmoI=
6,34,C/lpJShyAQiWehcCGJexHi0l0A4=,aRTQIIHEj5P+6TDfwbmncT5biSE=
8,33,C/lpJShyAQiWehcCGJexHi0l0A4=,sKYyIqgCbAHM1rnjydfldUIoRYk=
7,34,C/lpJShyAQiWehcCGJexHi0l0A4=,aRTQIIHEj5P+6TDfwbmncT5biSE=
1,32,C/lpJShyAQiWehcCGJexHi0l0A4=,pB3XeVqI4J14sCKDWFG+Lsx2ATk=
5,33,C/lpJShyAQiWehcCGJexHi0l0A4=,EsBDH6d2xKJIPdMRuhfOl9JSBXY=
8,34,C/lpJShyAQiWehcCGJexHi0l0A4=,TyTf9b51JH9MV5SjwrKwIKeDlzA=
7,33,C/lpJShyAQiWehcCGJexHi0l0A4=,IWpUuC9ZmHz/wXi0RR54jI0jC1U=
11,32,C/lpJShyAQiWehcCGJexHi0l0A4=,hqi94QkQ3TDGYtAqBJfOCujnBeM=
12,32,C/lpJShyAQiWehcCGJexHi0l0A4=,DriFCJFv2VhBsUq4jNNaDbHcJqY=
4,32,C/lpJShyAQiWehcCGJexHi0l0A4=,EsBDH6d2xKJIPdMRuhfOl9JSBXY=
6,32,C/lpJShyAQiWehcCGJexHi0l0A4=,IWpUuC9ZmHz/wXi0RR54jI0jC1U=
5,32,C/lpJShyAQiWehcCGJexHi0l0A4=,EsBDH6d2xKJIPdMRuhfOl9JSBXY=
10,32,C/lpJShyAQiWehcCGJexHi0l0A4=,hqi94QkQ3TDGYtAqBJfOCujnBeM=
8,32,C/lpJShyAQiWehcCGJexHi0l0A4=,sKYyIqgCbAHM1rnjydfldUIoRYk=
3,32,C/lpJShyAQiWehcCGJexHi0l0A4=,q2Ex/IHl0ngjb1yR3M9L03v5ZTo=
9,32,C/lpJShyAQiWehcCGJexHi0l0A4=,sKYyIqgCbAHM1rnjydfldUIoRYk=
7,32,C/lpJShyAQiWehcCGJexHi0l0A4=,IWpUuC9ZmHz/wXi0RR54jI0jC1U=
14,32,C/lpJShyAQiWehcCGJexHi0l0A4=,+kxWruY96j801XLyveeGzTBCC4E=
13,32,C/lpJShyAQiWehcCGJexHi0l0A4=,DriFCJFv2VhBsUq4jNNaDbHcJqY=
15,34,C/lpJShyAQiWehcCGJexHi0l0A4=,zr3YURhHMFJ7XDDM9K4Iygml3mI=
15,33,C/lpJShyAQiWehcCGJexHi0l0A4=,+kxWruY96j801XLyveeGzTBCC4E=
15,36,C/lpJShyAQiWehcCGJexHi0l0A4=,2nz9aBL+s1ULA8tAyd8QxOrQm7s=
15,35,C/lpJShyAQiWehcCGJexHi0l0A4=,zr3YURhHMFJ7XDDM9K4Iygml3mI=
15,37,C/lpJShyAQiWehcCGJexHi0l0A4=,2nz9aBL+s1ULA8tAyd8QxOrQm7s=
15,40,C/lpJShyAQiWehcCGJexHi0l0A4=,rfx586da/4OpBq6OEt4j/9NdEHA=
15,38,C/lpJShyAQiWehcCGJexHi0l0A4=,0QU412lPv6B1i4aZ7b1f9QWjcDw=
15,39,C/lpJShyAQiWehcCGJexHi0l0A4=,0QU412lPv6B1i4aZ7b1f9QWjcDw=
11,46,C/lpJShyAQiWehcCGJexHi0l0A4=,wlFhNSlRESYCX4DdXLAc1IofDO8=
11,45,C/lpJShyAQiWehcCGJexHi0l0A4=,YaFeD8lTf8u+hm8UJDRZ5Wd4Bmc=
12,46,C/lpJShyAQiWehcCGJexHi0l0A4=,rwc1J4eFWAznVDwL8bsiK3yLj0M=
12,45,C/lpJShyAQiWehcCGJexHi0l0A4=,P5NGI3nzbM6GSm7ucR2Qq/fM3MM=
0,33,C/lpJShyAQiWehcCGJexHi0l0A4=,pB3XeVqI4J14sCKDWFG+Lsx2ATk=
0,34,C/lpJShyAQiWehcCGJexHi0l0A4=,qJUsyuNEkvyfTOiGF2g4GHrL5iQ=
0,35,C/lpJShyAQiWehcCGJexHi0l0A4=,qJUsyuNEkvyfTOiGF2g4GHrL5iQ=
0,36,C/lpJShyAQiWehcCGJexHi0l0A4=,xGzngLEL9WX0HYBhtGFs9rxntFU=
0,38,C/lpJShyAQiWehcCGJexHi0l0A4=,3/1PNAT2+1UmPKTyFhibWYI2k/c=
0,39,C/lpJShyAQiWehcCGJexHi0l0A4=,3/1PNAT2+1UmPKTyFhibWYI2k/c=
0,40,C/lpJShyAQiWehcCGJexHi0l0A4=,xr7vncy3DJuC2oVhA/pccGn3jyU=
0,37,C/lpJShyAQiWehcCGJexHi0l0A4=,xGzngLEL9WX0HYBhtGFs9rxntFU=
0,42,C/lpJShyAQiWehcCGJexHi0l0A4=,Khq2NSISFx5z5eZJmeOykn0th3E=
0,41,C/lpJShyAQiWehcCGJexHi0l0A4=,xr7vncy3DJuC2oVhA/pccGn3jyU=
0,44,C/lpJShyAQiWehcCGJexHi0l0A4=,tH2hlekGXhUP59L1r6CGERvCOEU=
0,43,C/lpJShyAQiWehcCGJexHi0l0A4=,Khq2NSISFx5z5eZJmeOykn0th3E=
15,41,C/lpJShyAQiWehcCGJexHi0l0A4=,rfx586da/4OpBq6OEt4j/9NdEHA=
14,42,C/lpJShyAQiWehcCGJexHi0l0A4=,DucpdxTiDhMx8utrmbNSS15OdzY=
14,41,C/lpJShyAQiWehcCGJexHi0l0A4=,rfx586da/4OpBq6OEt4j/9NdEHA=
13,41,C/lpJShyAQiWehcCGJexHi0l0A4=,OarhDmE3pA+IhIJzlbz2uypBOBE=
15,42,C/lpJShyAQiWehcCGJexHi0l0A4=,DucpdxTiDhMx8utrmbNSS15OdzY=
13,42,C/lpJShyAQiWehcCGJexHi0l0A4=,d5MrMB46WhWYNjVqBJMIhOIbbHo=
14,46,C/lpJShyAQiWehcCGJexHi0l0A4=,M3s77AIru+ALWPa5ASy8lKRuZG0=
15,32,C/lpJShyAQiWehcCGJexHi0l0A4=,+kxWruY96j801XLyveeGzTBCC4E=
14,43,C/lpJShyAQiWehcCGJexHi0l0A4=,DucpdxTiDhMx8utrmbNSS15OdzY=
15,46,C/lpJShyAQiWehcCGJexHi0l0A4=,M3s77AIru+ALWPa5ASy8lKRuZG0=
13,44,C/lpJShyAQiWehcCGJexHi0l0A4=,P5NGI3nzbM6GSm7ucR2Qq/fM3MM=
13,45,C/lpJShyAQiWehcCGJexHi0l0A4=,P5NGI3nzbM6GSm7ucR2Qq/fM3MM=
13,46,C/lpJShyAQiWehcCGJexHi0l0A4=,rwc1J4eFWAznVDwL8bsiK3yLj0M=
13,43,C/lpJShyAQiWehcCGJexHi0l0A4=,d5MrMB46WhWYNjVqBJMIhOIbbHo=
15,45,C/lpJShyAQiWehcCGJexHi0l0A4=,oaYMY2w6gFDh5ZaA+tZ6wrsPS2I=
15,44,C/lpJShyAQiWehcCGJexHi0l0A4=,oaYMY2w6gFDh5ZaA+tZ6wrsPS2I=
15,43,C/lpJShyAQiWehcCGJexHi0l0A4=,DucpdxTiDhMx8utrmbNSS15OdzY=
14,44,C/lpJShyAQiWehcCGJexHi0l0A4=,oaYMY2w6gFDh5ZaA+tZ6wrsPS2I=
14,45,C/lpJShyAQiWehcCGJexHi0l0A4=,oaYMY2w6gFDh5ZaA+tZ6wrsPS2I=
0,32,C/lpJShyAQiWehcCGJexHi0l0A4=,pB3XeVqI4J14sCKDWFG+Lsx2ATk=
1,46,C/lpJShyAQiWehcCGJexHi0l0A4=,g/00eQ4PxzSggoG8SgbyRys/97A=
0,46,C/lpJShyAQiWehcCGJexHi0l0A4=,g/00eQ4PxzSggoG8SgbyRys/97A=
2,45,C/lpJShyAQiWehcCGJexHi0l0A4=,21vs+6jzzS1TbC+VrUFoQrmEbSE=
2,46,C/lpJShyAQiWehcCGJexHi0l0A4=,P8iXJxWdD7Gmv7T5pc3vGpI392Y=
5,46,C/lpJShyAQiWehcCGJexHi0l0A4=,GQNdmpvaSIX9kg08yRp0OBXQtn8=
1,45,C/lpJShyAQiWehcCGJexHi0l0A4=,tH2hlekGXhUP59L1r6CGERvCOEU=
0,45,C/lpJShyAQiWehcCGJexHi0l0A4=,tH2hlekGXhUP59L1r6CGERvCOEU=
4,46,C/lpJShyAQiWehcCGJexHi0l0A4=,GQNdmpvaSIX9kg08yRp0OBXQtn8=
3,46,C/lpJShyAQiWehcCGJexHi0l0A4=,P8iXJxWdD7Gmv7T5pc3vGpI392Y=
5,45,C/lpJShyAQiWehcCGJexHi0l0A4=,d5DoB2LqYcYIpb1cSQ+O23oQi+o=
6,46,C/lpJShyAQiWehcCGJexHi0l0A4=,Xa8kvN7uDEtK9/d9uJ586ofOwVs=
6,45,C/lpJShyAQiWehcCGJexHi0l0A4=,HsLKk1mmE12QntZlw+nbcnLIK38=
4,45,C/lpJShyAQiWehcCGJexHi0l0A4=,d5DoB2LqYcYIpb1cSQ+O23oQi+o=
3,45,C/lpJShyAQiWehcCGJexHi0l0A4=,21vs+6jzzS1TbC+VrUFoQrmEbSE=
31,39,BL9d7hRvS5og9SufWoOaSjfteXc=,9iLWEj/Bmae33PUg/1l3tfIzU1U=
31,40,BL9d7hRvS5og9SufWoOaSjfteXc=,NkUNFW+PfOlcCFGVVIE83rmVdKc=
30,40,BL9d7hRvS5og9SufWoOaSjfteXc=,NkUNFW+PfOlcCFGVVIE83rmVdKc=
29,39,BL9d7hRvS5og9SufWoOaSjfteXc=,mxJKXpIIyY5eHBlphV8jmkP/oJU=
29,40,BL9d7hRvS5og9SufWoOaSjfteXc=,k+/ikiaEkUiwj+KdDsECiw6HQak=
30,39,BL9d7hRvS5og9SufWoOaSjfteXc=,9iLWEj/Bmae33PUg/1l3tfIzU1U=
31,37,BL9d7hRvS5og9SufWoOaSjfteXc=,CccbWBbJr9ccMOL3G3oHvDWA5a4=
31,38,BL9d7hRvS5og9SufWoOaSjfteXc=,9iLWEj/Bmae33PUg/1l3tfIzU1U=
31,35,BL9d7hRvS5og9SufWoOaSjfteXc=,P3p20hlfuU5iQ7ycESgUn3Qdp/Y=
31,36,BL9d7hRvS5og9SufWoOaSjfteXc=,CccbWBbJr9ccMOL3G3oHvDWA5a4=
29,38,BL9d7hRvS5og9SufWoOaSjfteXc=,mxJKXpIIyY5eHBlphV8jmkP/oJU=
30,38,BL9d7hRvS5og9SufWoOaSjfteXc=,9iLWEj/Bmae33PUg/1l3tfIzU1U=
29,37,BL9d7hRvS5og9SufWoOaSjfteXc=,v48cPwe2+kpvVDj4k9wcxCDm2xE=
30,37,BL9d7hRvS5og9SufWoOaSjfteXc=,CccbWBbJr9ccMOL3G3oHvDWA5a4=
30,36,BL9d7hRvS5og9SufWoOaSjfteXc=,CccbWBbJr9ccMOL3G3oHvDWA5a4=
29,35,BL9d7hRvS5og9SufWoOaSjfteXc=,eh2dwajObH0UetaNDFfnnsiZyTE=
30,35,BL9d7hRvS5og9SufWoOaSjfteXc=,P3p20hlfuU5iQ7ycESgUn3Qdp/Y=
29,36,BL9d7hRvS5og9SufWoOaSjfteXc=,v48cPwe2+kpvVDj4k9wcxCDm2xE=
28,35,LR6hCnQ3E4l5v2pCKin4CpFVMx4=,eh2dwajObH0UetaNDFfnnsiZyTE=
27,35,LR6hCnQ3E4l5v2pCKin4CpFVMx4=,oJzP0I3eJcDGXdx5uxG3jSL0uSM=
28,36,LR6hCnQ3E4l5v2pCKin4CpFVMx4=,v48cPwe2+kpvVDj4k9wcxCDm2xE=
27,36,LR6hCnQ3E4l5v2pCKin4CpFVMx4=,h+68vFayQUZAZNZJZwei738cEqA=
26,35,LR6hCnQ3E4l5v2pCKin4CpFVMx4=,oJzP0I3eJcDGXdx5uxG3jSL0uSM=
25,36,LR6hCnQ3E4l5v2pCKin4CpFVMx4=,qIA5bgmN8OSHI4iCt/zAIOXonIc=
25,35,LR6hCnQ3E4l5v2pCKin4CpFVMx4=,Rs332TMaOP2llHv+ZCFjzFUoLFo=
26,36,LR6hCnQ3E4l5v2pCKin4CpFVMx4=,h+68vFayQUZAZNZJZwei738cEqA=
24,35,LR6hCnQ3E4l5v2pCKin4CpFVMx4=,Rs332TMaOP2llHv+ZCFjzFUoLFo=
23,35,LR6hCnQ3E4l5v2pCKin4CpFVMx4=,l0Ly7CwAu/HH7yMPQmPkK50yUT0=
23,36,LR6hCnQ3E4l5v2pCKin4CpFVMx4=,RV/4z7bnRgg8EozhdgRcsokAtmA=
24,36,LR6hCnQ3E4l5v2pCKin4CpFVMx4=,qIA5bgmN8OSHI4iCt/zAIOXonIc=
21,35,LR6hCnQ3E4l5v2pCKin4CpFVMx4=,9uLc6yCumm5CKCRbaVeu/RAa7sw=
22,35,LR6hCnQ3E4l5v2pCKin4CpFVMx4=,l0Ly7CwAu/HH7yMPQmPkK50yUT0=
22,36,LR6hCnQ3E4l5v2pCKin4CpFVMx4=,RV/4z7bnRgg8EozhdgRcsokAtmA=
21,36,LR6hCnQ3E4l5v2pCKin4CpFVMx4=,4RoHvtyzIZrhP3ypjYyaEPTCfGQ=
20,35,LR6hCnQ3E4l5v2pCKin4CpFVMx4=,9uLc6yCumm5CKCRbaVeu/RAa7sw=
19,35,LR6hCnQ3E4l5v2pCKin4CpFVMx4=,K86XhuRJPGFL9Rv3pbjBBoKa0is=
20,36,LR6hCnQ3E4l5v2pCKin4CpFVMx4=,4RoHvtyzIZrhP3ypjYyaEPTCfGQ=
19,36,LR6hCnQ3E4l5v2pCKin4CpFVMx4=,hyKEhAZPrwlHr1ZQST8reiOSK5U=
19,38,LR6hCnQ3E4l5v2pCKin4CpFVMx4=,tZEd4P8ZhJz0dQKHPlVJ97C4M/Q=
19,37,LR6hCnQ3E4l5v2pCKin4CpFVMx4=,hyKEhAZPrwlHr1ZQST8reiOSK5U=
20,37,LR6hCnQ3E4l5v2pCKin4CpFVMx4=,4RoHvtyzIZrhP3ypjYyaEPTCfGQ=
20,38,LR6hCnQ3E4l5v2pCKin4CpFVMx4=,C7DfqeCMPJua9VZj2ksZV3QkqmE=
17,34,LR6hCnQ3E4l5v2pCKin4CpFVMx4=,kqbjFhyMDWoUenQ1DNky1HugXl0=
17,33,LR6hCnQ3E4l5v2pCKin4CpFVMx4=,UlOau4bU8P92SgHti1Xqk9ME+nQ=
18,34,LR6hCnQ3E4l5v2pCKin4CpFVMx4=,K86XhuRJPGFL9Rv3pbjBBoKa0is=
18,33,LR6hCnQ3E4l5v2pCKin4CpFVMx4=,clWmWnmZm+VBHlerChMVDj+cxn8=
21,37,LR6hCnQ3E4l5v2pCKin4CpFVMx4=,4RoHvtyzIZrhP3ypjYyaEPTCfGQ=
22,38,LR6hCnQ3E4l5v2pCKin4CpFVMx4=,Gj0qI7lMTJX3F7+oJ6E9Z9Y4uig=
22,37,LR6hCnQ3E4l5v2pCKin4CpFVMx4=,RV/4z7bnRgg8EozhdgRcsokAtmA=
21,38,LR6hCnQ3E4l5v2pCKin4CpFVMx4=,C7DfqeCMPJua9VZj2ksZV3QkqmE=
23,38,LR6hCnQ3E4l5v2pCKin4CpFVMx4=,Gj0qI7lMTJX3F7+oJ6E9Z9Y4uig=
24,37,LR6hCnQ3E4l5v2pCKin4CpFVMx4=,qIA5bgmN8OSHI4iCt/zAIOXonIc=
23,39,LR6hCnQ3E4l5v2pCKin4CpFVMx4=,Gj0qI7lMTJX3F7+oJ6E9Z9Y4uig=
24,38,LR6hCnQ3E4l5v2pCKin4CpFVMx4=,I2a2tXK0dEnie0M/DN5tm9Pcbhs=
24,40,LR6hCnQ3E4l5v2pCKin4CpFVMx4=,W9m+ksi3TlIFt2OgnxI08K3edcM=
23,40,LR6hCnQ3E4l5v2pCKin4CpFVMx4=,VlenheP746Kce8gMyfMVjA4F8DU=
24,39,LR6hCnQ3E4l5v2pCKin4CpFVMx4=,I2a2tXK0dEnie0M/DN5tm9Pcbhs=
23,37,LR6hCnQ3E4l5v2pCKin4CpFVMx4=,RV/4z7bnRgg8EozhdgRcsokAtmA=
28,37,LR6hCnQ3E4l5v2pCKin4CpFVMx4=,v48cPwe2+kpvVDj4k9wcxCDm2xE=
25,38,LR6hCnQ3E4l5v2pCKin4CpFVMx4=,I2a2tXK0dEnie0M/DN5tm9Pcbhs=
28,38,LR6hCnQ3E4l5v2pCKin4CpFVMx4=,mxJKXpIIyY5eHBlphV8jmkP/oJU=
25,37,LR6hCnQ3E4l5v2pCKin4CpFVMx4=,qIA5bgmN8OSHI4iCt/zAIOXonIc=
26,38,LR6hCnQ3E4l5v2pCKin4CpFVMx4=,QSnKgnK3/RSSitmx7gpWd24K/+g=
26,37,LR6hCnQ3E4l5v2pCKin4CpFVMx4=,h+68vFayQUZAZNZJZwei738cEqA=
27,38,LR6hCnQ3E4l5v2pCKin4CpFVMx4=,QSnKgnK3/RSSitmx7gpWd24K/+g=
27,37,LR6hCnQ3E4l5v2pCKin4CpFVMx4=,h+68vFayQUZAZNZJZwei738cEqA=
28,40,LR6hCnQ3E4l5v2pCKin4CpFVMx4=,k+/ikiaEkUiwj+KdDsECiw6HQak=
28,39,LR6hCnQ3E4l5v2pCKin4CpFVMx4=,mxJKXpIIyY5eHBlphV8jmkP/oJU=
26,39,LR6hCnQ3E4l5v2pCKin4CpFVMx4=,QSnKgnK3/RSSitmx7gpWd24K/+g=
26,40,LR6hCnQ3E4l5v2pCKin4CpFVMx4=,tdULgWt7ZC5iLlVftukRVGsvLp4=
27,39,LR6hCnQ3E4l5v2pCKin4CpFVMx4=,QSnKgnK3/RSSitmx7gpWd24K/+g=
25,39,LR6hCnQ3E4l5v2pCKin4CpFVMx4=,I2a2tXK0dEnie0M/DN5tm9Pcbhs=
25,40,LR6hCnQ3E4l5v2pCKin4CpFVMx4=,W9m+ksi3TlIFt2OgnxI08K3edcM=
27,40,LR6hCnQ3E4l5v2pCKin4CpFVMx4=,tdULgWt7ZC5iLlVftukRVGsvLp4=
25,41,bgWsD1Ib6gg0Cy9kI4VHi2T6flI=,W9m+ksi3TlIFt2OgnxI08K3edcM=
26,41,bgWsD1Ib6gg0Cy9kI4VHi2T6flI=,tdULgWt7ZC5iLlVftukRVGsvLp4=
25,42,bgWsD1Ib6gg0Cy9kI4VHi2T6flI=,doDK9IqdPoBkbA1XCPC3eF2aC2o=
26,42,bgWsD1Ib6gg0Cy9kI4VHi2T6flI=,f8DvjxL5rTI+KHxh28LG3HXE898=
27,42,bgWsD1Ib6gg0Cy9kI4VHi2T6flI=,f8DvjxL5rTI+KHxh28LG3HXE898=
28,42,bgWsD1Ib6gg0Cy9kI4VHi2T6flI=,IdpebmBvmOgSqTTEjZ6BYYjHSnM=
28,41,bgWsD1Ib6gg0Cy9kI4VHi2T6flI=,k+/ikiaEkUiwj+KdDsECiw6HQak=
27,41,bgWsD1Ib6gg0Cy9kI4VHi2T6flI=,tdULgWt7ZC5iLlVftukRVGsvLp4=
31,43,bgWsD1Ib6gg0Cy9kI4VHi2T6flI=,+k+JojlNT5N6JWZef2cqtaHinwI=
31,42,bgWsD1Ib6gg0Cy9kI4VHi2T6flI=,+k+JojlNT5N6JWZef2cqtaHinwI=
31,44,bgWsD1Ib6gg0Cy9kI4VHi2T6flI=,EDXKf4HmOxeu+yiEBtx0VKXO9HI=
31,41,bgWsD1Ib6gg0Cy9kI4VHi2T6flI=,NkUNFW+PfOlcCFGVVIE83rmVdKc=
27,43,bgWsD1Ib6gg0Cy9kI4VHi2T6flI=,f8DvjxL5rTI+KHxh28LG3HXE898=
27,44,bgWsD1Ib6gg0Cy9kI4VHi2T6flI=,soS3C2QcT6bme7iJRFPNDoKZf9I=
30,42,bgWsD1Ib6gg0Cy9kI4VHi2T6flI=,+k+JojlNT5N6JWZef2cqtaHinwI=
29,41,bgWsD1Ib6gg0Cy9kI4VHi2T6flI=,k+/ikiaEkUiwj+KdDsECiw6HQak=
30,43,bgWsD1Ib6gg0Cy9kI4VHi2T6flI=,+k+JojlNT5N6JWZef2cqtaHinwI=
29,43,bgWsD1Ib6gg0Cy9kI4VHi2T6flI=,IdpebmBvmOgSqTTEjZ6BYYjHSnM=
29,44,bgWsD1Ib6gg0Cy9kI4VHi2T6flI=,YEdSzS+zttjNgNKUo+s+ZPKr8qE=
30,44,bgWsD1Ib6gg0Cy9kI4VHi2T6flI=,EDXKf4HmOxeu+yiEBtx0VKXO9HI=
30,41,bgWsD1Ib6gg0Cy9kI4VHi2T6flI=,NkUNFW+PfOlcCFGVVIE83rmVdKc=
29,42,bgWsD1Ib6gg0Cy9kI4VHi2T6flI=,IdpebmBvmOgSqTTEjZ6BYYjHSnM=
28,44,bgWsD1Ib6gg0Cy9kI4VHi2T6flI=,YEdSzS+zttjNgNKUo+s+ZPKr8qE=
28,43,bgWsD1Ib6gg0Cy9kI4VHi2T6flI=,IdpebmBvmOgSqTTEjZ6BYYjHSnM=
25,43,bgWsD1Ib6gg0Cy9kI4VHi2T6flI=,doDK9IqdPoBkbA1XCPC3eF2aC2o=
26,43,bgWsD1Ib6gg0Cy9kI4VHi2T6flI=,f8DvjxL5rTI+KHxh28LG3HXE898=
26,44,bgWsD1Ib6gg0Cy9kI4VHi2T6flI=,soS3C2QcT6bme7iJRFPNDoKZf9I=
25,44,bgWsD1Ib6gg0Cy9kI4VHi2T6flI=,zDWnVSCrDpfGYoaZrXDlt7uCHVM=
24,43,bgWsD1Ib6gg0Cy9kI4VHi2T6flI=,doDK9IqdPoBkbA1XCPC3eF2aC2o=
23,44,bgWsD1Ib6gg0Cy9kI4VHi2T6flI=,nzmlNRZNsn+HE5yPd2V5cgdbeBo=
23,43,bgWsD1Ib6gg0Cy9kI4VHi2T6flI=,H12n+13XKh95slytw+p7OJHlaPM=
23,41,bgWsD1Ib6gg0Cy9kI4VHi2T6flI=,VlenheP746Kce8gMyfMVjA4F8DU=
24,41,bgWsD1Ib6gg0Cy9kI4VHi2T6flI=,W9m+ksi3TlIFt2OgnxI08K3edcM=
23,42,bgWsD1Ib6gg0Cy9kI4VHi2T6flI=,H12n+13XKh95slytw+p7OJHlaPM=
24,42,bgWsD1Ib6gg0Cy9kI4VHi2T6flI=,doDK9IqdPoBkbA1XCPC3eF2aC2o=
24,44,bgWsD1Ib6gg0Cy9kI4VHi2T6flI=,zDWnVSCrDpfGYoaZrXDlt7uCHVM=
22,43,bgWsD1Ib6gg0Cy9kI4VHi2T6flI=,H12n+13XKh95slytw+p7OJHlaPM=
21,43,bgWsD1Ib6gg0Cy9kI4VHi2T6flI=,v10bcMNfNE9wGw9KgiY3qnXDLt0=
21,44,bgWsD1Ib6gg0Cy9kI4VHi2T6flI=,fZ+ycPQrJitZaeNT6uLD7t3p9ho=
22,44,bgWsD1Ib6gg0Cy9kI4VHi2T6flI=,nzmlNRZNsn+HE5yPd2V5cgdbeBo=
22,41,bgWsD1Ib6gg0Cy9kI4VHi2T6flI=,VlenheP746Kce8gMyfMVjA4F8DU=
19,39,bgWsD1Ib6gg0Cy9kI4VHi2T6flI=,tZEd4P8ZhJz0dQKHPlVJ97C4M/Q=
21,42,bgWsD1Ib6gg0Cy9kI4VHi2T6flI=,v10bcMNfNE9wGw9KgiY3qnXDLt0=
21,40,bgWsD1Ib6gg0Cy9kI4VHi2T6flI=,jOLtDBTNSDmFVox56Es20P8T9jY=
22,40,bgWsD1Ib6gg0Cy9kI4VHi2T6flI=,VlenheP746Kce8gMyfMVjA4F8DU=
20,39,bgWsD1Ib6gg0Cy9kI4VHi2T6flI=,C7DfqeCMPJua9VZj2ksZV3QkqmE=
21,41,bgWsD1Ib6gg0Cy9kI4VHi2T6flI=,jOLtDBTNSDmFVox56Es20P8T9jY=
19,40,bgWsD1Ib6gg0Cy9kI4VHi2T6flI=,p20wGhU1z8TI+2BWvpPqPmwMHh8=
21,39,bgWsD1Ib6gg0Cy9kI4VHi2T6flI=,C7DfqeCMPJua9VZj2ksZV3QkqmE=
22,39,bgWsD1Ib6gg0Cy9kI4VHi2T6flI=,Gj0qI7lMTJX3F7+oJ6E9Z9Y4uig=
22,42,bgWsD1Ib6gg0Cy9kI4VHi2T6flI=,H12n+13XKh95slytw+p7OJHlaPM=
20,40,bgWsD1Ib6gg0Cy9kI4VHi2T6flI=,jOLtDBTNSDmFVox56Es20P8T9jY=
20,42,bgWsD1Ib6gg0Cy9kI4VHi2T6flI=,v10bcMNfNE9wGw9KgiY3qnXDLt0=
20,41,bgWsD1Ib6gg0Cy9kI4VHi2T6flI=,jOLtDBTNSDmFVox56Es20P8T9jY=
19,41,bgWsD1Ib6gg0Cy9kI4VHi2T6flI=,p20wGhU1z8TI+2BWvpPqPmwMHh8=
19,42,bgWsD1Ib6gg0Cy9kI4VHi2T6flI=,E4ukzefAHWWx0oDCpj+XWBvY7zw=
20,44,bgWsD1Ib6gg0Cy9kI4VHi2T6flI=,fZ+ycPQrJitZaeNT6uLD7t3p9ho=
19,43,bgWsD1Ib6gg0Cy9kI4VHi2T6flI=,E4ukzefAHWWx0oDCpj+XWBvY7zw=
20,43,bgWsD1Ib6gg0Cy9kI4VHi2T6flI=,v10bcMNfNE9wGw9KgiY3qnXDLt0=
19,44,bgWsD1Ib6gg0Cy9kI4VHi2T6flI=,S4cAs1/KH4FXDXFazXOq3ijgujg=
17,43,bgWsD1Ib6gg0Cy9kI4VHi2T6flI=,0DjxHvaz8raGCnddB1HCMeKBAy0=
18,43,bgWsD1Ib6gg0Cy9kI4VHi2T6flI=,E4ukzefAHWWx0oDCpj+XWBvY7zw=
17,44,bgWsD1Ib6gg0Cy9kI4VHi2T6flI=,z0oGIRNX/79mSqocMr+B1awkQWU=
18,44,bgWsD1Ib6gg0Cy9kI4VHi2T6flI=,S4cAs1/KH4FXDXFazXOq3ijgujg=
17,46,bgWsD1Ib6gg0Cy9kI4VHi2T6flI=,Tgy2VRrrV9u233kFtUyvy/dAI6U=
18,46,bgWsD1Ib6gg0Cy9kI4VHi2T6flI=,AXlZARHnP+SMX6A8lfBF5ZWFOc4=
18,45,bgWsD1Ib6gg0Cy9kI4VHi2T6flI=,S4cAs1/KH4FXDXFazXOq3ijgujg=
17,45,bgWsD1Ib6gg0Cy9kI4VHi2T6flI=,z0oGIRNX/79mSqocMr+B1awkQWU=
17,42,4KfisRfG8UkNQkeZXIo4MatuSBs=,0DjxHvaz8raGCnddB1HCMeKBAy0=
17,41,4KfisRfG8UkNQkeZXIo4MatuSBs=,ZU9faWhikyOsbTPX+7UgKJCAraQ=
18,42,4KfisRfG8UkNQkeZXIo4MatuSBs=,E4ukzefAHWWx0oDCpj+XWBvY7zw=
18,41,4KfisRfG8UkNQkeZXIo4MatuSBs=,p20wGhU1z8TI+2BWvpPqPmwMHh8=
16,33,4KfisRfG8UkNQkeZXIo4MatuSBs=,UlOau4bU8P92SgHti1Xqk9ME+nQ=
16,34,4KfisRfG8UkNQkeZXIo4MatuSBs=,kqbjFhyMDWoUenQ1DNky1HugXl0=
17,39,4KfisRfG8UkNQkeZXIo4MatuSBs=,wddYFGDnJ0BLxgmrbMUfDOeyCyM=
16,40,4KfisRfG8UkNQkeZXIo4MatuSBs=,ZU9faWhikyOsbTPX+7UgKJCAraQ=
18,39,4KfisRfG8UkNQkeZXIo4MatuSBs=,tZEd4P8ZhJz0dQKHPlVJ97C4M/Q=
16,39,4KfisRfG8UkNQkeZXIo4MatuSBs=,wddYFGDnJ0BLxgmrbMUfDOeyCyM=
18,40,4KfisRfG8UkNQkeZXIo4MatuSBs=,p20wGhU1z8TI+2BWvpPqPmwMHh8=
17,40,4KfisRfG8UkNQkeZXIo4MatuSBs=,ZU9faWhikyOsbTPX+7UgKJCAraQ=
17,32,4KfisRfG8UkNQkeZXIo4MatuSBs=,UlOau4bU8P92SgHti1Xqk9ME+nQ=
18,32,4KfisRfG8UkNQkeZXIo4MatuSBs=,clWmWnmZm+VBHlerChMVDj+cxn8=
16,38,4KfisRfG8UkNQkeZXIo4MatuSBs=,wddYFGDnJ0BLxgmrbMUfDOeyCyM=
17,37,4KfisRfG8UkNQkeZXIo4MatuSBs=,i/4Eb7zBr0N42tc3aHrDff6BdEY=
17,36,4KfisRfG8UkNQkeZXIo4MatuSBs=,i/4Eb7zBr0N42tc3aHrDff6BdEY=
16,36,4KfisRfG8UkNQkeZXIo4MatuSBs=,i/4Eb7zBr0N42tc3aHrDff6BdEY=
18,38,4KfisRfG8UkNQkeZXIo4MatuSBs=,tZEd4P8ZhJz0dQKHPlVJ97C4M/Q=
17,35,4KfisRfG8UkNQkeZXIo4MatuSBs=,kqbjFhyMDWoUenQ1DNky1HugXl0=
18,35,4KfisRfG8UkNQkeZXIo4MatuSBs=,K86XhuRJPGFL9Rv3pbjBBoKa0is=
18,37,4KfisRfG8UkNQkeZXIo4MatuSBs=,hyKEhAZPrwlHr1ZQST8reiOSK5U=
17,38,4KfisRfG8UkNQkeZXIo4MatuSBs=,wddYFGDnJ0BLxgmrbMUfDOeyCyM=
16,35,4KfisRfG8UkNQkeZXIo4MatuSBs=,kqbjFhyMDWoUenQ1DNky1HugXl0=
18,36,4KfisRfG8UkNQkeZXIo4MatuSBs=,hyKEhAZPrwlHr1ZQST8reiOSK5U=
16,37,4KfisRfG8UkNQkeZXIo4MatuSBs=,i/4Eb7zBr0N42tc3aHrDff6BdEY=
19,34,4KfisRfG8UkNQkeZXIo4MatuSBs=,K86XhuRJPGFL9Rv3pbjBBoKa0is=
19,33,4KfisRfG8UkNQkeZXIo4MatuSBs=,clWmWnmZm+VBHlerChMVDj+cxn8=
20,34,4KfisRfG8UkNQkeZXIo4MatuSBs=,9uLc6yCumm5CKCRbaVeu/RAa7sw=
21,33,4KfisRfG8UkNQkeZXIo4MatuSBs=,tDR8GdW3swtFIBN9YUrg03bhlbE=
20,33,4KfisRfG8UkNQkeZXIo4MatuSBs=,tDR8GdW3swtFIBN9YUrg03bhlbE=
22,33,4KfisRfG8UkNQkeZXIo4MatuSBs=,Y2jCAFphElD8HdJzA3BTF4WT1jU=
22,34,4KfisRfG8UkNQkeZXIo4MatuSBs=,l0Ly7CwAu/HH7yMPQmPkK50yUT0=
21,34,4KfisRfG8UkNQkeZXIo4MatuSBs=,9uLc6yCumm5CKCRbaVeu/RAa7sw=
24,34,4KfisRfG8UkNQkeZXIo4MatuSBs=,Rs332TMaOP2llHv+ZCFjzFUoLFo=
23,33,4KfisRfG8UkNQkeZXIo4MatuSBs=,Y2jCAFphElD8HdJzA3BTF4WT1jU=
24,33,4KfisRfG8UkNQkeZXIo4MatuSBs=,bGLzG/WLpHVEGAvQN+OnJIp1SM8=
23,34,4KfisRfG8UkNQkeZXIo4MatuSBs=,l0Ly7CwAu/HH7yMPQmPkK50yUT0=
23,32,4KfisRfG8UkNQkeZXIo4MatuSBs=,Y2jCAFphElD8HdJzA3BTF4WT1jU=
24,32,4KfisRfG8UkNQkeZXIo4MatuSBs=,bGLzG/WLpHVEGAvQN+OnJIp1SM8=
21,32,4KfisRfG8UkNQkeZXIo4MatuSBs=,tDR8GdW3swtFIBN9YUrg03bhlbE=
22,32,4KfisRfG8UkNQkeZXIo4MatuSBs=,Y2jCAFphElD8HdJzA3BTF4WT1jU=
20,32,4KfisRfG8UkNQkeZXIo4MatuSBs=,tDR8GdW3swtFIBN9YUrg03bhlbE=
19,32,4KfisRfG8UkNQkeZXIo4MatuSBs=,clWmWnmZm+VBHlerChMVDj+cxn8=
26,32,4KfisRfG8UkNQkeZXIo4MatuSBs=,Znk+H5aiY0JbkT8XISlnu9ogx4A=
25,34,4KfisRfG8UkNQkeZXIo4MatuSBs=,Rs332TMaOP2llHv+ZCFjzFUoLFo=
25,32,4KfisRfG8UkNQkeZXIo4MatuSBs=,bGLzG/WLpHVEGAvQN+OnJIp1SM8=
26,34,4KfisRfG8UkNQkeZXIo4MatuSBs=,oJzP0I3eJcDGXdx5uxG3jSL0uSM=
26,33,4KfisRfG8UkNQkeZXIo4MatuSBs=,Znk+H5aiY0JbkT8XISlnu9ogx4A=
25,33,4KfisRfG8UkNQkeZXIo4MatuSBs=,bGLzG/WLpHVEGAvQN+OnJIp1SM8=
31,46,4KfisRfG8UkNQkeZXIo4MatuSBs=,dKDtXiU2LDNyFnTo2Kn0CbBcUUk=
31,45,4KfisRfG8UkNQkeZXIo4MatuSBs=,EDXKf4HmOxeu+yiEBtx0VKXO9HI=
29,46,4KfisRfG8UkNQkeZXIo4MatuSBs=,MWMQNDOEk+7v/N2cjVYcFakpr0Q=
30,46,4KfisRfG8UkNQkeZXIo4MatuSBs=,dKDtXiU2LDNyFnTo2Kn0CbBcUUk=
30,45,4KfisRfG8UkNQkeZXIo4MatuSBs=,EDXKf4HmOxeu+yiEBtx0VKXO9HI=
29,45,4KfisRfG8UkNQkeZXIo4MatuSBs=,YEdSzS+zttjNgNKUo+s+ZPKr8qE=
31,32,4KfisRfG8UkNQkeZXIo4MatuSBs=,Ako2Oyp0tf2rMwyOJUrMUuzfXNg=
31,34,4KfisRfG8UkNQkeZXIo4MatuSBs=,P3p20hlfuU5iQ7ycESgUn3Qdp/Y=
31,33,4KfisRfG8UkNQkeZXIo4MatuSBs=,Ako2Oyp0tf2rMwyOJUrMUuzfXNg=
28,46,4KfisRfG8UkNQkeZXIo4MatuSBs=,MWMQNDOEk+7v/N2cjVYcFakpr0Q=
28,45,4KfisRfG8UkNQkeZXIo4MatuSBs=,YEdSzS+zttjNgNKUo+s+ZPKr8qE=
27,46,4KfisRfG8UkNQkeZXIo4MatuSBs=,AQwPjFYecEnx1MN658nbFATTIlQ=
27,45,4KfisRfG8UkNQkeZXIo4MatuSBs=,soS3C2QcT6bme7iJRFPNDoKZf9I=
25,46,4KfisRfG8UkNQkeZXIo4MatuSBs=,h1nVLPtTrczS+FgqnzwN2f52NiQ=
26,46,4KfisRfG8UkNQkeZXIo4MatuSBs=,AQwPjFYecEnx1MN658nbFATTIlQ=
25,45,4KfisRfG8UkNQkeZXIo4MatuSBs=,zDWnVSCrDpfGYoaZrXDlt7uCHVM=
26,45,4KfisRfG8UkNQkeZXIo4MatuSBs=,soS3C2QcT6bme7iJRFPNDoKZf9I=
30,32,4KfisRfG8UkNQkeZXIo4MatuSBs=,Ako2Oyp0tf2rMwyOJUrMUuzfXNg=
16,42,4KfisRfG8UkNQkeZXIo4MatuSBs=,0DjxHvaz8raGCnddB1HCMeKBAy0=
28,32,4KfisRfG8UkNQkeZXIo4MatuSBs=,8Ua/QbWYXk3qUxkwakXpqRZEMc0=
16,41,4KfisRfG8UkNQkeZXIo4MatuSBs=,ZU9faWhikyOsbTPX+7UgKJCAraQ=
27,33,4KfisRfG8UkNQkeZXIo4MatuSBs=,Znk+H5aiY0JbkT8XISlnu9ogx4A=
29,33,4KfisRfG8UkNQkeZXIo4MatuSBs=,8Ua/QbWYXk3qUxkwakXpqRZEMc0=
27,32,4KfisRfG8UkNQkeZXIo4MatuSBs=,Znk+H5aiY0JbkT8XISlnu9ogx4A=
30,34,4KfisRfG8UkNQkeZXIo4MatuSBs=,P3p20hlfuU5iQ7ycESgUn3Qdp/Y=
28,33,4KfisRfG8UkNQkeZXIo4MatuSBs=,8Ua/QbWYXk3qUxkwakXpqRZEMc0=
27,34,4KfisRfG8UkNQkeZXIo4MatuSBs=,oJzP0I3eJcDGXdx5uxG3jSL0uSM=
29,32,4KfisRfG8UkNQkeZXIo4MatuSBs=,8Ua/QbWYXk3qUxkwakXpqRZEMc0=
29,34,4KfisRfG8UkNQkeZXIo4MatuSBs=,eh2dwajObH0UetaNDFfnnsiZyTE=
28,34,4KfisRfG8UkNQkeZXIo4MatuSBs=,eh2dwajObH0UetaNDFfnnsiZyTE=
30,33,4KfisRfG8UkNQkeZXIo4MatuSBs=,Ako2Oyp0tf2rMwyOJUrMUuzfXNg=
16,44,4KfisRfG8UkNQkeZXIo4MatuSBs=,z0oGIRNX/79mSqocMr+B1awkQWU=
16,45,4KfisRfG8UkNQkeZXIo4MatuSBs=,z0oGIRNX/79mSqocMr+B1awkQWU=
16,46,4KfisRfG8UkNQkeZXIo4MatuSBs=,Tgy2VRrrV9u233kFtUyvy/dAI6U=
16,43,4KfisRfG8UkNQkeZXIo4MatuSBs=,0DjxHvaz8raGCnddB1HCMeKBAy0=
23,45,4KfisRfG8UkNQkeZXIo4MatuSBs=,nzmlNRZNsn+HE5yPd2V5cgdbeBo=
16,32,4KfisRfG8UkNQkeZXIo4MatuSBs=,UlOau4bU8P92SgHti1Xqk9ME+nQ=
23,46,4KfisRfG8UkNQkeZXIo4MatuSBs=,++vViNCc54o8wQGQyjNDpwnhGPc=
24,45,4KfisRfG8UkNQkeZXIo4MatuSBs=,zDWnVSCrDpfGYoaZrXDlt7uCHVM=
24,46,4KfisRfG8UkNQkeZXIo4MatuSBs=,h1nVLPtTrczS+FgqnzwN2f52NiQ=
20,46,4KfisRfG8UkNQkeZXIo4MatuSBs=,NkdCZ4IjCtdiXs2gNacqjb+ke2Y=
21,46,4KfisRfG8UkNQkeZXIo4MatuSBs=,NkdCZ4IjCtdiXs2gNacqjb+ke2Y=
20,45,4KfisRfG8UkNQkeZXIo4MatuSBs=,fZ+ycPQrJitZaeNT6uLD7t3p9ho=
22,45,4KfisRfG8UkNQkeZXIo4MatuSBs=,nzmlNRZNsn+HE5yPd2V5cgdbeBo=
19,45,4KfisRfG8UkNQkeZXIo4MatuSBs=,S4cAs1/KH4FXDXFazXOq3ijgujg=
19,46,4KfisRfG8UkNQkeZXIo4MatuSBs=,AXlZARHnP+SMX6A8lfBF5ZWFOc4=
22,46,4KfisRfG8UkNQkeZXIo4MatuSBs=,++vViNCc54o8wQGQyjNDpwnhGPc=
21,45,4KfisRfG8UkNQkeZXIo4MatuSBs=,fZ+ycPQrJitZaeNT6uLD7t3p9ho=
