16,-1,Ovjtj3BBUAJFAWiJ9nnoRarTQ+o=,x/tC4AwMTzkd6ohfLYL5YVILxe0=
15,-1,KD2BArUAiku7LsK2X1OPzpHqqpc=,x/tC4AwMTzkd6ohfLYL5YVILxe0=
14,-1,KD2BArUAiku7LsK2X1OPzpHqqpc=,x/tC4AwMTzkd6ohfLYL5YVILxe0=
13,-1,KD2BArUAiku7LsK2X1OPzpHqqpc=,x/tC4AwMTzkd6ohfLYL5YVILxe0=
12,-1,KD2BArUAiku7LsK2X1OPzpHqqpc=,x/tC4AwMTzkd6ohfLYL5YVILxe0=
11,-1,KD2BArUAiku7LsK2X1OPzpHqqpc=,x/tC4AwMTzkd6ohfLYL5YVILxe0=
10,-1,KD2BArUAiku7LsK2X1OPzpHqqpc=,x/tC4AwMTzkd6ohfLYL5YVILxe0=
9,-1,KD2BArUAiku7LsK2X1OPzpHqqpc=,x/tC4AwMTzkd6ohfLYL5YVILxe0=
8,-1,ns69ateX4aeQp5YibiZTGPTte7Q=,x/tC4AwMTzkd6ohfLYL5YVILxe0=
7,-1,ns69ateX4aeQp5YibiZTGPTte7Q=,HdvBupe8W6KEi6gaa5mrIwamITY=
6,-1,ns69ateX4aeQp5YibiZTGPTte7Q=,HdvBupe8W6KEi6gaa5mrIwamITY=
5,-1,ns69ateX4aeQp5YibiZTGPTte7Q=,HdvBupe8W6KEi6gaa5mrIwamITY=
4,-1,ns69ateX4aeQp5YibiZTGPTte7Q=,HdvBupe8W6KEi6gaa5mrIwamITY=
3,-1,ns69ateX4aeQp5YibiZTGPTte7Q=,HdvBupe8W6KEi6gaa5mrIwamITY=
2,-1,ns69ateX4aeQp5YibiZTGPTte7Q=,HdvBupe8W6KEi6gaa5mrIwamITY=
1,-1,xFpg064hCMDCmE5I2ocgAD+ptmM=,HdvBupe8W6KEi6gaa5mrIwamITY=
0,-1,xFpg064hCMDCmE5I2ocgAD+ptmM=,HdvBupe8W6KEi6gaa5mrIwamITY=
